{
  "active": [
    "test"
  ],
  "results": {
    "test": {
      "name": "test",
      "ic": -0.03863919433472118,
      "ic_mean": -0.03863919433472118,
      "ir": -0.38639194334721183,
      "is_significant": 